CREATE DATABASE  IF NOT EXISTS `cybersec_logs` /*!40100 DEFAULT CHARACTER SET utf8mb4 COLLATE utf8mb4_unicode_ci */ /*!80016 DEFAULT ENCRYPTION='N' */;
USE `cybersec_logs`;
-- MySQL dump 10.13  Distrib 8.0.44, for Win64 (x86_64)
--
-- Host: localhost    Database: cybersec_logs
-- ------------------------------------------------------
-- Server version	8.0.44

/*!40101 SET @OLD_CHARACTER_SET_CLIENT=@@CHARACTER_SET_CLIENT */;
/*!40101 SET @OLD_CHARACTER_SET_RESULTS=@@CHARACTER_SET_RESULTS */;
/*!40101 SET @OLD_COLLATION_CONNECTION=@@COLLATION_CONNECTION */;
/*!50503 SET NAMES utf8 */;
/*!40103 SET @OLD_TIME_ZONE=@@TIME_ZONE */;
/*!40103 SET TIME_ZONE='+00:00' */;
/*!40014 SET @OLD_UNIQUE_CHECKS=@@UNIQUE_CHECKS, UNIQUE_CHECKS=0 */;
/*!40014 SET @OLD_FOREIGN_KEY_CHECKS=@@FOREIGN_KEY_CHECKS, FOREIGN_KEY_CHECKS=0 */;
/*!40101 SET @OLD_SQL_MODE=@@SQL_MODE, SQL_MODE='NO_AUTO_VALUE_ON_ZERO' */;
/*!40111 SET @OLD_SQL_NOTES=@@SQL_NOTES, SQL_NOTES=0 */;

--
-- Temporary view structure for view `active_incidents`
--

DROP TABLE IF EXISTS `active_incidents`;
/*!50001 DROP VIEW IF EXISTS `active_incidents`*/;
SET @saved_cs_client     = @@character_set_client;
/*!50503 SET character_set_client = utf8mb4 */;
/*!50001 CREATE VIEW `active_incidents` AS SELECT 
 1 AS `incident_id`,
 1 AS `title`,
 1 AS `severity`,
 1 AS `status`,
 1 AS `created_at`*/;
SET character_set_client = @saved_cs_client;

--
-- Table structure for table `incidents`
--

DROP TABLE IF EXISTS `incidents`;
/*!40101 SET @saved_cs_client     = @@character_set_client */;
/*!50503 SET character_set_client = utf8mb4 */;
CREATE TABLE `incidents` (
  `incident_id` int NOT NULL AUTO_INCREMENT,
  `log_id` int DEFAULT NULL,
  `title` varchar(200) COLLATE utf8mb4_unicode_ci NOT NULL,
  `description` text COLLATE utf8mb4_unicode_ci,
  `status` enum('open','investigating','resolved') COLLATE utf8mb4_unicode_ci DEFAULT 'open',
  `severity` enum('low','medium','high','critical') COLLATE utf8mb4_unicode_ci DEFAULT 'medium',
  `reporter` varchar(50) COLLATE utf8mb4_unicode_ci DEFAULT 'system',
  `created_at` datetime DEFAULT CURRENT_TIMESTAMP,
  `updated_at` datetime DEFAULT CURRENT_TIMESTAMP ON UPDATE CURRENT_TIMESTAMP,
  PRIMARY KEY (`incident_id`),
  KEY `log_id` (`log_id`),
  KEY `idx_incidents_status` (`status`),
  KEY `idx_incidents_severity` (`severity`),
  CONSTRAINT `incidents_ibfk_1` FOREIGN KEY (`log_id`) REFERENCES `logs` (`log_id`) ON DELETE SET NULL ON UPDATE CASCADE
) ENGINE=InnoDB AUTO_INCREMENT=196 DEFAULT CHARSET=utf8mb4 COLLATE=utf8mb4_unicode_ci;
/*!40101 SET character_set_client = @saved_cs_client */;

--
-- Dumping data for table `incidents`
--

LOCK TABLES `incidents` WRITE;
/*!40000 ALTER TABLE `incidents` DISABLE KEYS */;
INSERT INTO `incidents` VALUES (140,654,'Multiple login failures detected','IP:203.0.113.100 had 3 failed attempts','open','high','system','2026-01-08 00:21:41','2026-01-08 00:21:41'),(141,672,'Multiple login failures detected','IP:203.0.113.100 had 4 failed attempts','open','high','system','2026-01-08 00:21:41','2026-01-08 00:21:41'),(142,684,'Multiple login failures detected','IP:203.0.113.100 had 5 failed attempts','open','high','system','2026-01-08 00:21:42','2026-01-08 00:21:42'),(143,691,'Multiple login failures detected','IP:10.0.0.25 had 3 failed attempts','open','high','system','2026-01-08 00:21:42','2026-01-08 00:21:42'),(144,692,'Multiple login failures detected','IP:192.168.1.30 had 3 failed attempts','open','high','system','2026-01-08 00:21:42','2026-01-08 00:21:42'),(145,693,'Multiple login failures detected','IP:203.0.113.100 had 6 failed attempts','open','high','system','2026-01-08 00:21:42','2026-01-08 00:21:42'),(146,738,'Multiple login failures detected','IP:192.168.1.20 had 3 failed attempts','open','high','system','2026-01-08 00:21:43','2026-01-08 00:21:43'),(147,741,'Multiple login failures detected','IP:192.168.1.20 had 4 failed attempts','open','high','system','2026-01-08 00:21:43','2026-01-08 00:21:43'),(148,744,'Multiple login failures detected','IP:10.0.0.15 had 3 failed attempts','open','high','system','2026-01-08 00:21:43','2026-01-08 00:21:43'),(149,747,'Multiple login failures detected','IP:198.51.100.10 had 3 failed attempts','open','high','system','2026-01-08 00:21:43','2026-01-08 00:21:43'),(150,748,'Multiple login failures detected','IP:10.0.0.15 had 4 failed attempts','open','high','system','2026-01-08 00:21:43','2026-01-08 00:21:43'),(151,757,'Multiple login failures detected','IP:172.16.0.10 had 3 failed attempts','open','high','system','2026-01-08 00:21:43','2026-01-08 00:21:43'),(152,770,'Multiple login failures detected','IP:10.0.0.15 had 5 failed attempts','open','high','system','2026-01-08 00:21:44','2026-01-08 00:21:44'),(153,772,'Multiple login failures detected','IP:192.168.1.20 had 5 failed attempts','open','high','system','2026-01-08 00:21:44','2026-01-08 00:21:44'),(154,796,'Multiple login failures detected','IP:10.0.0.5 had 3 failed attempts','open','high','system','2026-01-08 00:21:44','2026-01-08 00:21:44'),(155,797,'Multiple login failures detected','IP:172.16.0.10 had 4 failed attempts','open','high','system','2026-01-08 00:21:44','2026-01-08 00:21:44'),(156,799,'Multiple login failures detected','IP:10.0.0.25 had 4 failed attempts','open','high','system','2026-01-08 00:21:44','2026-01-08 00:21:44'),(157,804,'Multiple login failures detected','IP:172.16.0.10 had 5 failed attempts','open','high','system','2026-01-08 00:21:45','2026-01-08 00:21:45'),(158,817,'Multiple login failures detected','IP:10.0.0.15 had 6 failed attempts','open','high','system','2026-01-08 00:21:45','2026-01-08 00:21:45'),(159,819,'Multiple login failures detected','IP:198.51.100.10 had 4 failed attempts','open','high','system','2026-01-08 00:21:45','2026-01-08 00:21:45'),(160,824,'Multiple login failures detected','IP:10.0.0.15 had 7 failed attempts','open','high','system','2026-01-08 00:21:45','2026-01-08 00:21:45'),(161,832,'Multiple login failures detected','IP:198.51.100.10 had 5 failed attempts','open','high','system','2026-01-08 00:21:45','2026-01-08 00:21:45'),(162,837,'Multiple login failures detected','IP:198.51.100.10 had 6 failed attempts','open','high','system','2026-01-08 00:21:45','2026-01-08 00:21:45'),(163,839,'Multiple login failures detected','IP:203.0.113.100 had 7 failed attempts','open','high','system','2026-01-08 00:21:45','2026-01-08 00:21:45'),(164,843,'Multiple login failures detected','IP:10.0.0.15 had 8 failed attempts','open','high','system','2026-01-08 00:21:46','2026-01-08 00:21:46'),(165,844,'Multiple login failures detected','IP:10.0.0.15 had 9 failed attempts','open','high','system','2026-01-08 00:21:46','2026-01-08 00:21:46'),(166,848,'Multiple login failures detected','IP:198.51.100.10 had 7 failed attempts','open','high','system','2026-01-08 00:21:46','2026-01-08 00:21:46'),(167,849,'Multiple login failures detected','IP:198.51.100.10 had 8 failed attempts','open','high','system','2026-01-08 00:21:46','2026-01-08 00:21:46'),(168,850,'Multiple login failures detected','IP:198.51.100.10 had 9 failed attempts','open','high','system','2026-01-08 00:21:46','2026-01-08 00:21:46'),(169,851,'Multiple login failures detected','IP:198.51.100.10 had 10 failed attempts','open','high','system','2026-01-08 00:21:46','2026-01-08 00:21:46'),(170,852,'Multiple login failures detected','IP:198.51.100.10 had 11 failed attempts','open','high','system','2026-01-08 00:21:46','2026-01-08 00:21:46'),(171,853,'Multiple login failures detected','IP:198.51.100.10 had 12 failed attempts','open','high','system','2026-01-08 00:21:46','2026-01-08 00:21:46'),(172,854,'Multiple login failures detected','IP:198.51.100.10 had 13 failed attempts','open','high','system','2026-01-08 00:21:46','2026-01-08 00:21:46'),(173,855,'Multiple login failures detected','IP:198.51.100.10 had 14 failed attempts','open','high','system','2026-01-08 00:21:46','2026-01-08 00:21:46'),(174,856,'Multiple login failures detected','IP:203.0.113.100 had 8 failed attempts','open','high','system','2026-01-08 00:21:47','2026-01-08 00:21:47'),(175,857,'Multiple login failures detected','IP:203.0.113.100 had 9 failed attempts','open','high','system','2026-01-08 00:21:47','2026-01-08 00:21:47'),(176,858,'Multiple login failures detected','IP:203.0.113.100 had 10 failed attempts','open','high','system','2026-01-08 00:21:47','2026-01-08 00:21:47'),(177,859,'Multiple login failures detected','IP:203.0.113.100 had 11 failed attempts','open','high','system','2026-01-08 00:21:47','2026-01-08 00:21:47'),(178,860,'Multiple login failures detected','IP:203.0.113.100 had 12 failed attempts','open','high','system','2026-01-08 00:21:47','2026-01-08 00:21:47'),(179,NULL,'Suspicious Activity from External IP','Multiple failed access attempts detected from external IP address. Possible reconnaissance activity.','open','medium','john.doe','2026-01-08 00:21:50','2026-01-08 00:21:50'),(180,NULL,'Unusual After-Hours Database Access','Database queries executed at 2:30 AM from admin account. Requires investigation.','open','high','jane.smith','2026-01-08 00:21:50','2026-01-08 00:21:50'),(181,NULL,'Repeated Permission Escalation Attempts','User bob.wilson attempted to access admin panel 3 times without authorization.','open','medium','system','2026-01-08 00:21:50','2026-01-08 00:21:50'),(182,NULL,'Brute Force Attack from 198.51.100.10','IP 198.51.100.10 made 14 failed login attempts. Targets: admin,jane.smith,john.doe,root. Period: 2026-01-08 00:21:42 to 2026-01-08 00:21:46.','open','high','anomaly_detection_system','2026-01-08 00:28:52','2026-01-08 00:28:52'),(183,NULL,'Brute Force Attack from 203.0.113.100','IP 203.0.113.100 made 12 failed login attempts. Targets: admin,bob.wilson,charlie.davis,david.miller,frank.garcia,henry.rodriguez,jane.smith,john.doe,root. Period: 2026-01-08 00:21:41 to 2026-01-08 00:21:47.','open','high','anomaly_detection_system','2026-01-08 00:28:52','2026-01-08 00:28:52'),(184,NULL,'Brute Force Attack from 10.0.0.15','IP 10.0.0.15 made 9 failed login attempts. Targets: bob.wilson,charlie.davis,david.miller,frank.garcia,grace.martinez. Period: 2026-01-08 00:21:43 to 2026-01-08 00:21:46.','open','medium','anomaly_detection_system','2026-01-08 00:28:52','2026-01-08 00:28:52'),(185,NULL,'Brute Force Attack from 172.16.0.10','IP 172.16.0.10 made 5 failed login attempts. Targets: alice.brown,david.miller,john.doe. Period: 2026-01-08 00:21:41 to 2026-01-08 00:21:45.','open','medium','anomaly_detection_system','2026-01-08 00:28:52','2026-01-08 00:28:52'),(186,NULL,'Brute Force Attack from 192.168.1.20','IP 192.168.1.20 made 5 failed login attempts. Targets: bob.wilson,emma.johnson,frank.garcia,root. Period: 2026-01-08 00:21:42 to 2026-01-08 00:21:44.','open','medium','anomaly_detection_system','2026-01-08 00:28:52','2026-01-08 00:28:52'),(187,NULL,'Account Compromise Attempt from 203.0.113.100','IP 203.0.113.100 attempted to access 9 unique accounts. Total attempts: 11. Period: 2026-01-08 00:21:41 to 2026-01-08 00:21:47.','open','high','anomaly_detection_system','2026-01-08 00:28:52','2026-01-08 00:28:52'),(188,NULL,'Account Compromise Attempt from 10.0.0.15','IP 10.0.0.15 attempted to access 5 unique accounts. Total attempts: 8. Period: 2026-01-08 00:21:43 to 2026-01-08 00:21:46.','open','high','anomaly_detection_system','2026-01-08 00:28:52','2026-01-08 00:28:52'),(189,NULL,'Account Compromise Attempt from 192.168.1.20','IP 192.168.1.20 attempted to access 4 unique accounts. Total attempts: 5. Period: 2026-01-08 00:21:42 to 2026-01-08 00:21:44.','open','high','anomaly_detection_system','2026-01-08 00:28:52','2026-01-08 00:28:52'),(190,NULL,'Account Compromise Attempt from 198.51.100.10','IP 198.51.100.10 attempted to access 4 unique accounts. Total attempts: 13. Period: 2026-01-08 00:21:42 to 2026-01-08 00:21:46.','open','high','anomaly_detection_system','2026-01-08 00:28:52','2026-01-08 00:28:52'),(191,NULL,'Account Compromise Attempt from 10.0.0.25','IP 10.0.0.25 attempted to access 3 unique accounts. Total attempts: 3. Period: 2026-01-08 00:21:41 to 2026-01-08 00:21:44.','open','high','anomaly_detection_system','2026-01-08 00:28:52','2026-01-08 00:28:52'),(192,NULL,'Account Compromise Attempt from 10.0.0.5','IP 10.0.0.5 attempted to access 3 unique accounts. Total attempts: 3. Period: 2026-01-08 00:21:41 to 2026-01-08 00:21:44.','open','high','anomaly_detection_system','2026-01-08 00:28:52','2026-01-08 00:28:52'),(193,NULL,'Account Compromise Attempt from 172.16.0.10','IP 172.16.0.10 attempted to access 3 unique accounts. Total attempts: 5. Period: 2026-01-08 00:21:41 to 2026-01-08 00:21:45.','open','high','anomaly_detection_system','2026-01-08 00:28:52','2026-01-08 00:28:52'),(194,NULL,'Unexpected Login Activity Spike detected','205 login events detected in the last 10 minutes. This is so much higher than normal.','open','medium','anomaly_detection_system','2026-01-08 00:28:52','2026-01-08 00:28:52'),(195,NULL,'Multiple High Severity data_breach Events','13 high severity data_breach events detected. first occurrence: 2026-01-08 00:21:41, last occurrence: 2026-01-08 00:21:49.','open','high','anomaly_detection_system','2026-01-08 00:28:52','2026-01-08 00:28:52');
/*!40000 ALTER TABLE `incidents` ENABLE KEYS */;
UNLOCK TABLES;

--
-- Table structure for table `logs`
--

DROP TABLE IF EXISTS `logs`;
/*!40101 SET @saved_cs_client     = @@character_set_client */;
/*!50503 SET character_set_client = utf8mb4 */;
CREATE TABLE `logs` (
  `log_id` int NOT NULL AUTO_INCREMENT,
  `event_time` datetime NOT NULL,
  `username` varchar(50) COLLATE utf8mb4_unicode_ci DEFAULT NULL,
  `ip_address` varchar(50) COLLATE utf8mb4_unicode_ci DEFAULT NULL,
  `event_type` varchar(45) COLLATE utf8mb4_unicode_ci NOT NULL,
  `severity` enum('low','medium','high') COLLATE utf8mb4_unicode_ci DEFAULT 'low',
  `message` text COLLATE utf8mb4_unicode_ci,
  `created_at` datetime DEFAULT CURRENT_TIMESTAMP,
  PRIMARY KEY (`log_id`),
  KEY `username` (`username`),
  KEY `idx_logs_time` (`event_time`),
  KEY `idx_logs_ip` (`ip_address`),
  CONSTRAINT `logs_ibfk_1` FOREIGN KEY (`username`) REFERENCES `users` (`username`) ON DELETE SET NULL ON UPDATE CASCADE
) ENGINE=InnoDB AUTO_INCREMENT=890 DEFAULT CHARSET=utf8mb4 COLLATE=utf8mb4_unicode_ci;
/*!40101 SET character_set_client = @saved_cs_client */;

--
-- Dumping data for table `logs`
--

LOCK TABLES `logs` WRITE;
/*!40000 ALTER TABLE `logs` DISABLE KEYS */;
INSERT INTO `logs` VALUES (648,'2026-01-08 00:21:41','david.miller','203.0.113.100','login_failed','medium','Account not found','2026-01-08 00:21:41'),(649,'2026-01-08 00:21:41','john.doe','172.16.0.10','login_success','low','Authentication successful','2026-01-08 00:21:41'),(650,'2026-01-08 00:21:41','jane.smith','203.0.113.100','login_failed','medium','Authentication failed','2026-01-08 00:21:41'),(651,'2026-01-08 00:21:41','henry.rodriguez','203.0.113.5','unauthorized_access','high','Privileged command execution attempt','2026-01-08 00:21:41'),(652,'2026-01-08 00:21:41','admin','192.168.1.40','login_success','low','Session initiated','2026-01-08 00:21:41'),(653,'2026-01-08 00:21:41',NULL,'192.168.1.40','access_denied','medium','Access to resource denied','2026-01-08 00:21:41'),(654,'2026-01-08 00:21:41','charlie.davis','203.0.113.100','login_failed','medium','Wrong username or password','2026-01-08 00:21:41'),(655,'2026-01-08 00:21:41','admin','10.0.0.15','login_success','low','Authentication successful','2026-01-08 00:21:41'),(656,'2026-01-08 00:21:41',NULL,'10.0.0.5','login_success','low','User logged in successfully','2026-01-08 00:21:41'),(657,'2026-01-08 00:21:41','root','198.51.100.10','access_denied','medium','Unauthorized resource request','2026-01-08 00:21:41'),(658,'2026-01-08 00:21:41','alice.brown','10.0.0.25','login_success','low','Session initiated','2026-01-08 00:21:41'),(659,'2026-01-08 00:21:41','david.miller','10.0.0.25','login_failed','medium','Invalid password','2026-01-08 00:21:41'),(660,'2026-01-08 00:21:41','alice.brown','192.168.1.40','login_success','low','User logged in successfully','2026-01-08 00:21:41'),(661,'2026-01-08 00:21:41','emma.johnson','10.0.0.5','login_success','low','Session initiated','2026-01-08 00:21:41'),(662,'2026-01-08 00:21:41',NULL,'10.0.0.5','login_success','low','User logged in successfully','2026-01-08 00:21:41'),(663,'2026-01-08 00:21:41','charlie.davis','203.0.113.5','login_success','low','Session initiated','2026-01-08 00:21:41'),(664,'2026-01-08 00:21:41','bob.wilson','192.168.1.10','login_success','low','Session initiated','2026-01-08 00:21:41'),(665,'2026-01-08 00:21:41','jane.smith','192.168.1.30','data_breach','high','Large data transfer detected','2026-01-08 00:21:41'),(666,'2026-01-08 00:21:41','root','10.0.0.15','login_success','low','Authentication successful','2026-01-08 00:21:41'),(667,'2026-01-08 00:21:41','john.doe','172.16.0.10','login_failed','medium','Invalid password','2026-01-08 00:21:41'),(668,'2026-01-08 00:21:41','alice.brown','172.16.0.10','login_failed','medium','Authentication failed','2026-01-08 00:21:41'),(669,'2026-01-08 00:21:41','jane.smith','192.168.1.10','login_success','low','Valid credentials provided','2026-01-08 00:21:41'),(670,'2026-01-08 00:21:41','bob.wilson','203.0.113.100','login_success','low','Session initiated','2026-01-08 00:21:41'),(671,'2026-01-08 00:21:41','jane.smith','203.0.113.5','login_failed','medium','Invalid password','2026-01-08 00:21:41'),(672,'2026-01-08 00:21:41',NULL,'203.0.113.100','login_failed','medium','Wrong username or password','2026-01-08 00:21:41'),(673,'2026-01-08 00:21:41',NULL,'172.16.0.10','login_success','low','Session initiated','2026-01-08 00:21:41'),(674,'2026-01-08 00:21:41','frank.garcia','203.0.113.100','login_success','low','User logged in successfully','2026-01-08 00:21:41'),(675,'2026-01-08 00:21:41','admin','203.0.113.5','login_success','low','Authentication successful','2026-01-08 00:21:41'),(676,'2026-01-08 00:21:41','david.miller','172.16.0.10','login_success','low','Authentication successful','2026-01-08 00:21:41'),(677,'2026-01-08 00:21:41','root','192.168.1.30','login_failed','medium','Account not found','2026-01-08 00:21:41'),(678,'2026-01-08 00:21:41','alice.brown','10.0.0.25','login_success','low','Authentication successful','2026-01-08 00:21:41'),(679,'2026-01-08 00:21:41','root','10.0.0.5','login_failed','medium','Invalid password','2026-01-08 00:21:41'),(680,'2026-01-08 00:21:41','john.doe','192.168.1.30','login_failed','medium','Authentication failed','2026-01-08 00:21:41'),(681,'2026-01-08 00:21:41','bob.wilson','192.168.1.20','access_denied','medium','Insufficient permissions','2026-01-08 00:21:41'),(682,'2026-01-08 00:21:42','john.doe','198.51.100.10','login_failed','medium','Incorrect credentials','2026-01-08 00:21:42'),(683,'2026-01-08 00:21:42','alice.brown','192.168.1.40','access_denied','medium','Insufficient permissions','2026-01-08 00:21:42'),(684,'2026-01-08 00:21:42','henry.rodriguez','203.0.113.100','login_failed','medium','Authentication failed','2026-01-08 00:21:42'),(685,'2026-01-08 00:21:42','grace.martinez','192.168.1.20','login_success','low','Session initiated','2026-01-08 00:21:42'),(686,'2026-01-08 00:21:42','jane.smith','203.0.113.100','login_success','low','Valid credentials provided','2026-01-08 00:21:42'),(687,'2026-01-08 00:21:42','emma.johnson','10.0.0.5','login_success','low','Session initiated','2026-01-08 00:21:42'),(688,'2026-01-08 00:21:42','john.doe','192.168.1.30','login_success','low','Session initiated','2026-01-08 00:21:42'),(689,'2026-01-08 00:21:42',NULL,'10.0.0.25','login_failed','medium','Authentication failed','2026-01-08 00:21:42'),(690,'2026-01-08 00:21:42','david.miller','203.0.113.100','data_breach','high','Suspicious data export detected','2026-01-08 00:21:42'),(691,'2026-01-08 00:21:42','admin','10.0.0.25','login_failed','medium','Invalid password','2026-01-08 00:21:42'),(692,'2026-01-08 00:21:42','root','192.168.1.30','login_failed','medium','Authentication failed','2026-01-08 00:21:42'),(693,'2026-01-08 00:21:42','henry.rodriguez','203.0.113.100','login_failed','medium','Incorrect credentials','2026-01-08 00:21:42'),(694,'2026-01-08 00:21:42','grace.martinez','192.168.1.40','login_success','low','Authentication successful','2026-01-08 00:21:42'),(695,'2026-01-08 00:21:42',NULL,'172.16.0.10','access_denied','medium','Permission denied','2026-01-08 00:21:42'),(696,'2026-01-08 00:21:42','root','203.0.113.5','login_success','low','Valid credentials provided','2026-01-08 00:21:42'),(697,'2026-01-08 00:21:42','alice.brown','10.0.0.15','login_success','low','User logged in successfully','2026-01-08 00:21:42'),(698,'2026-01-08 00:21:42','admin','192.168.1.40','login_success','low','User logged in successfully','2026-01-08 00:21:42'),(699,'2026-01-08 00:21:42','root','198.51.100.10','login_failed','medium','Invalid password','2026-01-08 00:21:42'),(700,'2026-01-08 00:21:42','henry.rodriguez','10.0.0.25','login_success','low','Valid credentials provided','2026-01-08 00:21:42'),(701,'2026-01-08 00:21:42','admin','192.168.1.40','login_success','low','Valid credentials provided','2026-01-08 00:21:42'),(702,'2026-01-08 00:21:42','root','192.168.1.40','login_failed','medium','Incorrect credentials','2026-01-08 00:21:42'),(703,'2026-01-08 00:21:42','alice.brown','10.0.0.25','login_success','low','Authentication successful','2026-01-08 00:21:42'),(704,'2026-01-08 00:21:42','root','203.0.113.5','access_denied','medium','Unauthorized resource request','2026-01-08 00:21:42'),(705,'2026-01-08 00:21:42','grace.martinez','10.0.0.5','access_denied','medium','Insufficient permissions','2026-01-08 00:21:42'),(706,'2026-01-08 00:21:42','john.doe','10.0.0.25','login_success','low','User logged in successfully','2026-01-08 00:21:42'),(707,'2026-01-08 00:21:42','frank.garcia','10.0.0.15','login_success','low','Valid credentials provided','2026-01-08 00:21:42'),(708,'2026-01-08 00:21:42','alice.brown','192.168.1.10','login_success','low','Session initiated','2026-01-08 00:21:42'),(709,'2026-01-08 00:21:42','jane.smith','172.16.0.10','login_success','low','User logged in successfully','2026-01-08 00:21:42'),(710,'2026-01-08 00:21:42','henry.rodriguez','172.16.0.10','access_denied','medium','Permission denied','2026-01-08 00:21:42'),(711,'2026-01-08 00:21:42','emma.johnson','192.168.1.20','login_failed','medium','Authentication failed','2026-01-08 00:21:42'),(712,'2026-01-08 00:21:42','emma.johnson','10.0.0.15','login_success','low','User logged in successfully','2026-01-08 00:21:42'),(713,'2026-01-08 00:21:42','alice.brown','172.16.0.20','login_success','low','Authentication successful','2026-01-08 00:21:42'),(714,'2026-01-08 00:21:42','jane.smith','192.168.1.20','login_success','low','User logged in successfully','2026-01-08 00:21:42'),(715,'2026-01-08 00:21:42','david.miller','172.16.0.20','login_success','low','User logged in successfully','2026-01-08 00:21:42'),(716,'2026-01-08 00:21:42','bob.wilson','10.0.0.25','login_success','low','Session initiated','2026-01-08 00:21:42'),(717,'2026-01-08 00:21:43','charlie.davis','198.51.100.10','login_success','low','Session initiated','2026-01-08 00:21:43'),(718,'2026-01-08 00:21:43','root','192.168.1.20','login_failed','medium','Authentication failed','2026-01-08 00:21:43'),(719,'2026-01-08 00:21:43','root','203.0.113.100','access_denied','medium','Permission denied','2026-01-08 00:21:43'),(720,'2026-01-08 00:21:43','charlie.davis','203.0.113.5','login_success','low','Authentication successful','2026-01-08 00:21:43'),(721,'2026-01-08 00:21:43','admin','203.0.113.100','login_success','low','User logged in successfully','2026-01-08 00:21:43'),(722,'2026-01-08 00:21:43','charlie.davis','10.0.0.25','login_success','low','User logged in successfully','2026-01-08 00:21:43'),(723,'2026-01-08 00:21:43',NULL,'203.0.113.5','login_success','low','Authentication successful','2026-01-08 00:21:43'),(724,'2026-01-08 00:21:43','bob.wilson','10.0.0.5','access_denied','medium','Insufficient permissions','2026-01-08 00:21:43'),(725,'2026-01-08 00:21:43','root','172.16.0.10','access_denied','medium','Access to resource denied','2026-01-08 00:21:43'),(726,'2026-01-08 00:21:43','charlie.davis','172.16.0.20','login_success','low','Valid credentials provided','2026-01-08 00:21:43'),(727,'2026-01-08 00:21:43','alice.brown','198.51.100.10','login_success','low','Valid credentials provided','2026-01-08 00:21:43'),(728,'2026-01-08 00:21:43','emma.johnson','192.168.1.40','login_success','low','User logged in successfully','2026-01-08 00:21:43'),(729,'2026-01-08 00:21:43','alice.brown','192.168.1.10','login_success','low','User logged in successfully','2026-01-08 00:21:43'),(730,'2026-01-08 00:21:43',NULL,'192.168.1.10','login_success','low','User logged in successfully','2026-01-08 00:21:43'),(731,'2026-01-08 00:21:43','david.miller','10.0.0.15','login_failed','medium','Authentication failed','2026-01-08 00:21:43'),(732,'2026-01-08 00:21:43','alice.brown','172.16.0.10','data_breach','high','Sensitive data access attempt','2026-01-08 00:21:43'),(733,'2026-01-08 00:21:43','root','172.16.0.10','login_success','low','User logged in successfully','2026-01-08 00:21:43'),(734,'2026-01-08 00:21:43','charlie.davis','172.16.0.20','access_denied','medium','Permission denied','2026-01-08 00:21:43'),(735,'2026-01-08 00:21:43','frank.garcia','192.168.1.30','login_success','low','User logged in successfully','2026-01-08 00:21:43'),(736,'2026-01-08 00:21:43','alice.brown','198.51.100.10','login_success','low','User logged in successfully','2026-01-08 00:21:43'),(737,'2026-01-08 00:21:43','grace.martinez','10.0.0.5','login_success','low','User logged in successfully','2026-01-08 00:21:43'),(738,'2026-01-08 00:21:43','emma.johnson','192.168.1.20','login_failed','medium','Incorrect credentials','2026-01-08 00:21:43'),(739,'2026-01-08 00:21:43','henry.rodriguez','10.0.0.25','login_success','low','Session initiated','2026-01-08 00:21:43'),(740,'2026-01-08 00:21:43','john.doe','192.168.1.40','login_success','low','User logged in successfully','2026-01-08 00:21:43'),(741,'2026-01-08 00:21:43','bob.wilson','192.168.1.20','login_failed','medium','Authentication failed','2026-01-08 00:21:43'),(742,'2026-01-08 00:21:43','root','192.168.1.40','login_success','low','User logged in successfully','2026-01-08 00:21:43'),(743,'2026-01-08 00:21:43','bob.wilson','10.0.0.15','login_failed','medium','Wrong username or password','2026-01-08 00:21:43'),(744,'2026-01-08 00:21:43',NULL,'10.0.0.15','login_failed','medium','Wrong username or password','2026-01-08 00:21:43'),(745,'2026-01-08 00:21:43','admin','198.51.100.10','login_success','low','Valid credentials provided','2026-01-08 00:21:43'),(746,'2026-01-08 00:21:43','charlie.davis','192.168.1.30','login_success','low','User logged in successfully','2026-01-08 00:21:43'),(747,'2026-01-08 00:21:43','jane.smith','198.51.100.10','login_failed','medium','Wrong username or password','2026-01-08 00:21:43'),(748,'2026-01-08 00:21:43','charlie.davis','10.0.0.15','login_failed','medium','Wrong username or password','2026-01-08 00:21:43'),(749,'2026-01-08 00:21:43','charlie.davis','192.168.1.10','login_success','low','User logged in successfully','2026-01-08 00:21:43'),(750,'2026-01-08 00:21:43','emma.johnson','172.16.0.20','login_success','low','User logged in successfully','2026-01-08 00:21:43'),(751,'2026-01-08 00:21:43','bob.wilson','10.0.0.25','login_success','low','Session initiated','2026-01-08 00:21:43'),(752,'2026-01-08 00:21:43','bob.wilson','203.0.113.100','login_success','low','Session initiated','2026-01-08 00:21:43'),(753,'2026-01-08 00:21:43','admin','10.0.0.5','access_denied','medium','Access to resource denied','2026-01-08 00:21:43'),(754,'2026-01-08 00:21:43','john.doe','172.16.0.10','login_success','low','Session initiated','2026-01-08 00:21:43'),(755,'2026-01-08 00:21:43','root','10.0.0.25','unauthorized_access','high','Elevated access denied','2026-01-08 00:21:43'),(756,'2026-01-08 00:21:43','jane.smith','10.0.0.25','login_success','low','Session initiated','2026-01-08 00:21:43'),(757,'2026-01-08 00:21:43','david.miller','172.16.0.10','login_failed','medium','Wrong username or password','2026-01-08 00:21:43'),(758,'2026-01-08 00:21:43','john.doe','192.168.1.40','access_denied','medium','Access to resource denied','2026-01-08 00:21:43'),(759,'2026-01-08 00:21:44','alice.brown','10.0.0.25','login_success','low','User logged in successfully','2026-01-08 00:21:44'),(760,'2026-01-08 00:21:44','grace.martinez','10.0.0.15','login_success','low','User logged in successfully','2026-01-08 00:21:44'),(761,'2026-01-08 00:21:44','root','192.168.1.20','login_success','low','Valid credentials provided','2026-01-08 00:21:44'),(762,'2026-01-08 00:21:44','alice.brown','198.51.100.10','login_success','low','Authentication successful','2026-01-08 00:21:44'),(763,'2026-01-08 00:21:44','grace.martinez','10.0.0.5','login_failed','medium','Account not found','2026-01-08 00:21:44'),(764,'2026-01-08 00:21:44','bob.wilson','198.51.100.10','login_success','low','Valid credentials provided','2026-01-08 00:21:44'),(765,'2026-01-08 00:21:44','john.doe','203.0.113.100','login_success','low','Authentication successful','2026-01-08 00:21:44'),(766,'2026-01-08 00:21:44','alice.brown','172.16.0.20','login_success','low','User logged in successfully','2026-01-08 00:21:44'),(767,'2026-01-08 00:21:44','grace.martinez','10.0.0.15','data_breach','high','Unusual database query','2026-01-08 00:21:44'),(768,'2026-01-08 00:21:44','david.miller','203.0.113.5','login_success','low','Valid credentials provided','2026-01-08 00:21:44'),(769,'2026-01-08 00:21:44','charlie.davis','172.16.0.10','login_success','low','User logged in successfully','2026-01-08 00:21:44'),(770,'2026-01-08 00:21:44','bob.wilson','10.0.0.15','login_failed','medium','Account not found','2026-01-08 00:21:44'),(771,'2026-01-08 00:21:44','emma.johnson','172.16.0.20','login_success','low','User logged in successfully','2026-01-08 00:21:44'),(772,'2026-01-08 00:21:44','frank.garcia','192.168.1.20','login_failed','medium','Account not found','2026-01-08 00:21:44'),(773,'2026-01-08 00:21:44','admin','192.168.1.30','login_success','low','User logged in successfully','2026-01-08 00:21:44'),(774,'2026-01-08 00:21:44','jane.smith','198.51.100.10','access_denied','medium','Access to resource denied','2026-01-08 00:21:44'),(775,'2026-01-08 00:21:44','david.miller','10.0.0.15','login_success','low','Authentication successful','2026-01-08 00:21:44'),(776,'2026-01-08 00:21:44','grace.martinez','192.168.1.40','access_denied','medium','Insufficient permissions','2026-01-08 00:21:44'),(777,'2026-01-08 00:21:44','frank.garcia','192.168.1.30','login_success','low','Session initiated','2026-01-08 00:21:44'),(778,'2026-01-08 00:21:44','grace.martinez','172.16.0.20','login_success','low','Session initiated','2026-01-08 00:21:44'),(779,'2026-01-08 00:21:44','bob.wilson','203.0.113.100','login_success','low','Session initiated','2026-01-08 00:21:44'),(780,'2026-01-08 00:21:44','admin','192.168.1.40','login_success','low','Valid credentials provided','2026-01-08 00:21:44'),(781,'2026-01-08 00:21:44','emma.johnson','192.168.1.40','login_failed','medium','Account not found','2026-01-08 00:21:44'),(782,'2026-01-08 00:21:44','emma.johnson','192.168.1.40','login_success','low','Valid credentials provided','2026-01-08 00:21:44'),(783,'2026-01-08 00:21:44','emma.johnson','192.168.1.30','login_success','low','Session initiated','2026-01-08 00:21:44'),(784,'2026-01-08 00:21:44','emma.johnson','192.168.1.20','login_success','low','User logged in successfully','2026-01-08 00:21:44'),(785,'2026-01-08 00:21:44','frank.garcia','10.0.0.15','login_success','low','User logged in successfully','2026-01-08 00:21:44'),(786,'2026-01-08 00:21:44',NULL,'192.168.1.40','login_success','low','User logged in successfully','2026-01-08 00:21:44'),(787,'2026-01-08 00:21:44','root','10.0.0.15','login_success','low','User logged in successfully','2026-01-08 00:21:44'),(788,'2026-01-08 00:21:44','bob.wilson','192.168.1.10','login_success','low','User logged in successfully','2026-01-08 00:21:44'),(789,'2026-01-08 00:21:44','henry.rodriguez','10.0.0.15','login_success','low','User logged in successfully','2026-01-08 00:21:44'),(790,'2026-01-08 00:21:44','emma.johnson','203.0.113.100','access_denied','medium','Permission denied','2026-01-08 00:21:44'),(791,'2026-01-08 00:21:44','charlie.davis','192.168.1.20','access_denied','medium','Unauthorized resource request','2026-01-08 00:21:44'),(792,'2026-01-08 00:21:44','charlie.davis','203.0.113.5','login_success','low','Authentication successful','2026-01-08 00:21:44'),(793,'2026-01-08 00:21:44','bob.wilson','203.0.113.5','login_success','low','Session initiated','2026-01-08 00:21:44'),(794,'2026-01-08 00:21:44','john.doe','192.168.1.30','login_success','low','User logged in successfully','2026-01-08 00:21:44'),(795,'2026-01-08 00:21:44','jane.smith','10.0.0.15','login_success','low','Valid credentials provided','2026-01-08 00:21:44'),(796,'2026-01-08 00:21:44','john.doe','10.0.0.5','login_failed','medium','Invalid password','2026-01-08 00:21:44'),(797,'2026-01-08 00:21:44','john.doe','172.16.0.10','login_failed','medium','Invalid password','2026-01-08 00:21:44'),(798,'2026-01-08 00:21:44','admin','203.0.113.5','login_success','low','Session initiated','2026-01-08 00:21:44'),(799,'2026-01-08 00:21:44','john.doe','10.0.0.25','login_failed','medium','Account not found','2026-01-08 00:21:44'),(800,'2026-01-08 00:21:45','charlie.davis','172.16.0.20','data_breach','high','Suspicious data export detected','2026-01-08 00:21:45'),(801,'2026-01-08 00:21:45','grace.martinez','10.0.0.5','login_success','low','User logged in successfully','2026-01-08 00:21:45'),(802,'2026-01-08 00:21:45','root','172.16.0.20','login_success','low','User logged in successfully','2026-01-08 00:21:45'),(803,'2026-01-08 00:21:45','bob.wilson','10.0.0.15','login_success','low','User logged in successfully','2026-01-08 00:21:45'),(804,'2026-01-08 00:21:45','david.miller','172.16.0.10','login_failed','medium','Authentication failed','2026-01-08 00:21:45'),(805,'2026-01-08 00:21:45','admin','10.0.0.5','data_breach','high','Large data transfer detected','2026-01-08 00:21:45'),(806,'2026-01-08 00:21:45','bob.wilson','198.51.100.10','login_success','low','Session initiated','2026-01-08 00:21:45'),(807,'2026-01-08 00:21:45','bob.wilson','192.168.1.40','login_success','low','Session initiated','2026-01-08 00:21:45'),(808,'2026-01-08 00:21:45','alice.brown','203.0.113.5','login_success','low','Authentication successful','2026-01-08 00:21:45'),(809,'2026-01-08 00:21:45','david.miller','203.0.113.100','data_breach','high','Unusual database query','2026-01-08 00:21:45'),(810,'2026-01-08 00:21:45','admin','192.168.1.40','access_denied','medium','Unauthorized resource request','2026-01-08 00:21:45'),(811,'2026-01-08 00:21:45','root','10.0.0.15','access_denied','medium','Permission denied','2026-01-08 00:21:45'),(812,'2026-01-08 00:21:45','frank.garcia','172.16.0.10','login_success','low','Valid credentials provided','2026-01-08 00:21:45'),(813,'2026-01-08 00:21:45','frank.garcia','192.168.1.30','login_success','low','User logged in successfully','2026-01-08 00:21:45'),(814,'2026-01-08 00:21:45','henry.rodriguez','192.168.1.20','login_success','low','User logged in successfully','2026-01-08 00:21:45'),(815,'2026-01-08 00:21:45','jane.smith','203.0.113.5','login_success','low','Authentication successful','2026-01-08 00:21:45'),(816,'2026-01-08 00:21:45','admin','203.0.113.100','login_success','low','User logged in successfully','2026-01-08 00:21:45'),(817,'2026-01-08 00:21:45','grace.martinez','10.0.0.15','login_failed','medium','Invalid password','2026-01-08 00:21:45'),(818,'2026-01-08 00:21:45','emma.johnson','10.0.0.5','login_success','low','Authentication successful','2026-01-08 00:21:45'),(819,'2026-01-08 00:21:45','root','198.51.100.10','login_failed','medium','Authentication failed','2026-01-08 00:21:45'),(820,'2026-01-08 00:21:45','charlie.davis','172.16.0.20','login_failed','medium','Account not found','2026-01-08 00:21:45'),(821,'2026-01-08 00:21:45','admin','172.16.0.20','access_denied','medium','Permission denied','2026-01-08 00:21:45'),(822,'2026-01-08 00:21:45','admin','203.0.113.5','login_success','low','Session initiated','2026-01-08 00:21:45'),(823,'2026-01-08 00:21:45','david.miller','10.0.0.15','login_success','low','Valid credentials provided','2026-01-08 00:21:45'),(824,'2026-01-08 00:21:45','frank.garcia','10.0.0.15','login_failed','medium','Incorrect credentials','2026-01-08 00:21:45'),(825,'2026-01-08 00:21:45','henry.rodriguez','172.16.0.10','login_success','low','Authentication successful','2026-01-08 00:21:45'),(826,'2026-01-08 00:21:45','frank.garcia','192.168.1.40','data_breach','high','Sensitive data access attempt','2026-01-08 00:21:45'),(827,'2026-01-08 00:21:45','emma.johnson','172.16.0.20','login_failed','medium','Account not found','2026-01-08 00:21:45'),(828,'2026-01-08 00:21:45','root','203.0.113.5','login_success','low','Session initiated','2026-01-08 00:21:45'),(829,'2026-01-08 00:21:45','admin','198.51.100.10','login_success','low','Session initiated','2026-01-08 00:21:45'),(830,'2026-01-08 00:21:45','david.miller','198.51.100.10','data_breach','high','Sensitive data access attempt','2026-01-08 00:21:45'),(831,'2026-01-08 00:21:45','grace.martinez','192.168.1.10','login_success','low','Valid credentials provided','2026-01-08 00:21:45'),(832,'2026-01-08 00:21:45','john.doe','198.51.100.10','login_failed','medium','Invalid password','2026-01-08 00:21:45'),(833,'2026-01-08 00:21:45','root','192.168.1.10','login_success','low','Authentication successful','2026-01-08 00:21:45'),(834,'2026-01-08 00:21:45','jane.smith','198.51.100.10','login_success','low','User logged in successfully','2026-01-08 00:21:45'),(835,'2026-01-08 00:21:45','john.doe','10.0.0.5','login_success','low','User logged in successfully','2026-01-08 00:21:45'),(836,'2026-01-08 00:21:45','david.miller','10.0.0.15','login_success','low','Session initiated','2026-01-08 00:21:45'),(837,'2026-01-08 00:21:45',NULL,'198.51.100.10','login_failed','medium','Wrong username or password','2026-01-08 00:21:45'),(838,'2026-01-08 00:21:45','root','198.51.100.10','login_success','low','Authentication successful','2026-01-08 00:21:45'),(839,'2026-01-08 00:21:45','frank.garcia','203.0.113.100','login_failed','medium','Invalid password','2026-01-08 00:21:45'),(840,'2026-01-08 00:21:45','root','172.16.0.20','login_success','low','Session initiated','2026-01-08 00:21:45'),(841,'2026-01-08 00:21:45','root','203.0.113.5','login_failed','medium','Authentication failed','2026-01-08 00:21:45'),(842,'2026-01-08 00:21:45','charlie.davis','192.168.1.20','login_success','low','Session initiated','2026-01-08 00:21:45'),(843,'2026-01-08 00:21:46','grace.martinez','10.0.0.15','login_failed','medium','Wrong username or password','2026-01-08 00:21:46'),(844,'2026-01-08 00:21:46','david.miller','10.0.0.15','login_failed','medium','Authentication failed','2026-01-08 00:21:46'),(845,'2026-01-08 00:21:46','charlie.davis','10.0.0.15','login_success','low','User logged in successfully','2026-01-08 00:21:46'),(846,'2026-01-08 00:21:46','frank.garcia','192.168.1.30','login_success','low','Valid credentials provided','2026-01-08 00:21:46'),(847,'2026-01-08 00:21:46','frank.garcia','192.168.1.40','access_denied','medium','Insufficient permissions','2026-01-08 00:21:46'),(848,'2026-01-08 00:21:46','admin','198.51.100.10','login_failed','medium','Brute force attempt 1','2026-01-08 00:21:46'),(849,'2026-01-08 00:21:46','admin','198.51.100.10','login_failed','medium','Brute force attempt 2','2026-01-08 00:21:46'),(850,'2026-01-08 00:21:46','admin','198.51.100.10','login_failed','medium','Brute force attempt 3','2026-01-08 00:21:46'),(851,'2026-01-08 00:21:46','admin','198.51.100.10','login_failed','medium','Brute force attempt 4','2026-01-08 00:21:46'),(852,'2026-01-08 00:21:46','admin','198.51.100.10','login_failed','medium','Brute force attempt 5','2026-01-08 00:21:46'),(853,'2026-01-08 00:21:46','admin','198.51.100.10','login_failed','medium','Brute force attempt 6','2026-01-08 00:21:46'),(854,'2026-01-08 00:21:46','admin','198.51.100.10','login_failed','medium','Brute force attempt 7','2026-01-08 00:21:46'),(855,'2026-01-08 00:21:46','admin','198.51.100.10','login_failed','medium','Brute force attempt 8','2026-01-08 00:21:46'),(856,'2026-01-08 00:21:47','admin','203.0.113.100','login_failed','medium','Account enumeration attempt','2026-01-08 00:21:47'),(857,'2026-01-08 00:21:47','root','203.0.113.100','login_failed','medium','Account enumeration attempt','2026-01-08 00:21:47'),(858,'2026-01-08 00:21:47','john.doe','203.0.113.100','login_failed','medium','Account enumeration attempt','2026-01-08 00:21:47'),(859,'2026-01-08 00:21:47','jane.smith','203.0.113.100','login_failed','medium','Account enumeration attempt','2026-01-08 00:21:47'),(860,'2026-01-08 00:21:47','bob.wilson','203.0.113.100','login_failed','medium','Account enumeration attempt','2026-01-08 00:21:47'),(861,'2026-01-08 00:21:47',NULL,'172.16.0.36','login_success','low','Spike login 1','2026-01-08 00:21:47'),(862,'2026-01-08 00:21:47',NULL,'172.16.0.41','login_failed','medium','Spike login 2','2026-01-08 00:21:47'),(863,'2026-01-08 00:21:47',NULL,'172.16.0.28','login_success','low','Spike login 3','2026-01-08 00:21:47'),(864,'2026-01-08 00:21:47',NULL,'172.16.0.50','login_failed','medium','Spike login 4','2026-01-08 00:21:47'),(865,'2026-01-08 00:21:47',NULL,'172.16.0.28','login_success','low','Spike login 5','2026-01-08 00:21:47'),(866,'2026-01-08 00:21:47',NULL,'172.16.0.46','login_failed','medium','Spike login 6','2026-01-08 00:21:47'),(867,'2026-01-08 00:21:47',NULL,'172.16.0.21','login_success','low','Spike login 7','2026-01-08 00:21:47'),(868,'2026-01-08 00:21:48',NULL,'172.16.0.29','login_failed','medium','Spike login 8','2026-01-08 00:21:48'),(869,'2026-01-08 00:21:48',NULL,'172.16.0.40','login_success','low','Spike login 9','2026-01-08 00:21:48'),(870,'2026-01-08 00:21:48',NULL,'172.16.0.8','login_failed','medium','Spike login 10','2026-01-08 00:21:48'),(871,'2026-01-08 00:21:48',NULL,'172.16.0.22','login_success','low','Spike login 11','2026-01-08 00:21:48'),(872,'2026-01-08 00:21:48',NULL,'172.16.0.23','login_failed','medium','Spike login 12','2026-01-08 00:21:48'),(873,'2026-01-08 00:21:48',NULL,'172.16.0.9','login_success','low','Spike login 13','2026-01-08 00:21:48'),(874,'2026-01-08 00:21:48',NULL,'172.16.0.41','login_failed','medium','Spike login 14','2026-01-08 00:21:48'),(875,'2026-01-08 00:21:48',NULL,'172.16.0.2','login_success','low','Spike login 15','2026-01-08 00:21:48'),(876,'2026-01-08 00:21:48',NULL,'172.16.0.31','login_failed','medium','Spike login 16','2026-01-08 00:21:48'),(877,'2026-01-08 00:21:48',NULL,'172.16.0.47','login_success','low','Spike login 17','2026-01-08 00:21:48'),(878,'2026-01-08 00:21:48',NULL,'172.16.0.22','login_failed','medium','Spike login 18','2026-01-08 00:21:48'),(879,'2026-01-08 00:21:48',NULL,'172.16.0.16','login_success','low','Spike login 19','2026-01-08 00:21:48'),(880,'2026-01-08 00:21:48',NULL,'172.16.0.25','login_failed','medium','Spike login 20','2026-01-08 00:21:48'),(881,'2026-01-08 00:21:48',NULL,'172.16.0.24','login_success','low','Spike login 21','2026-01-08 00:21:48'),(882,'2026-01-08 00:21:48',NULL,'172.16.0.17','login_failed','medium','Spike login 22','2026-01-08 00:21:48'),(883,'2026-01-08 00:21:48',NULL,'172.16.0.45','login_success','low','Spike login 23','2026-01-08 00:21:48'),(884,'2026-01-08 00:21:49',NULL,'172.16.0.22','login_failed','medium','Spike login 24','2026-01-08 00:21:49'),(885,'2026-01-08 00:21:49',NULL,'172.16.0.30','login_success','low','Spike login 25','2026-01-08 00:21:49'),(886,'2026-01-08 00:21:49','charlie.davis','10.0.0.9','data_breach','high','Suspicious data export detected','2026-01-08 00:21:49'),(887,'2026-01-08 00:21:49','charlie.davis','10.0.0.21','data_breach','high','Suspicious data export detected','2026-01-08 00:21:49'),(888,'2026-01-08 00:21:49','grace.martinez','10.0.0.4','data_breach','high','Suspicious data export detected','2026-01-08 00:21:49'),(889,'2026-01-08 00:21:49','emma.johnson','10.0.0.18','data_breach','high','Suspicious data export detected','2026-01-08 00:21:49');
/*!40000 ALTER TABLE `logs` ENABLE KEYS */;
UNLOCK TABLES;
/*!50003 SET @saved_cs_client      = @@character_set_client */ ;
/*!50003 SET @saved_cs_results     = @@character_set_results */ ;
/*!50003 SET @saved_col_connection = @@collation_connection */ ;
/*!50003 SET character_set_client  = utf8mb4 */ ;
/*!50003 SET character_set_results = utf8mb4 */ ;
/*!50003 SET collation_connection  = utf8mb4_0900_ai_ci */ ;
/*!50003 SET @saved_sql_mode       = @@sql_mode */ ;
/*!50003 SET sql_mode              = 'ONLY_FULL_GROUP_BY,STRICT_TRANS_TABLES,NO_ZERO_IN_DATE,NO_ZERO_DATE,ERROR_FOR_DIVISION_BY_ZERO,NO_ENGINE_SUBSTITUTION' */ ;
DELIMITER ;;
/*!50003 CREATE*/ /*!50017 DEFINER=`root`@`localhost`*/ /*!50003 TRIGGER `trg_auto_incident` AFTER INSERT ON `logs` FOR EACH ROW begin
    declare fail_count int;
    
    if new.event_type = 'login_failed' then
        select count(*) into fail_count
        from logs
        where ip_address = new.ip_address
            and event_type = 'login_failed'
            and event_time > now() - interval 10 minute;
    
        if fail_count >= 3 then
            insert into incidents (log_id, title, description, severity, reporter)
            values (new.log_id, 'Multiple login failures detected', concat('IP:', new.ip_address, ' had ', fail_count, ' failed attempts'), 'high', 'system');
		end if;
	end if;
end */;;
DELIMITER ;
/*!50003 SET sql_mode              = @saved_sql_mode */ ;
/*!50003 SET character_set_client  = @saved_cs_client */ ;
/*!50003 SET character_set_results = @saved_cs_results */ ;
/*!50003 SET collation_connection  = @saved_col_connection */ ;

--
-- Table structure for table `users`
--

DROP TABLE IF EXISTS `users`;
/*!40101 SET @saved_cs_client     = @@character_set_client */;
/*!50503 SET character_set_client = utf8mb4 */;
CREATE TABLE `users` (
  `user_id` int NOT NULL AUTO_INCREMENT,
  `username` varchar(50) COLLATE utf8mb4_unicode_ci NOT NULL,
  `password_hash` varchar(255) COLLATE utf8mb4_unicode_ci NOT NULL,
  `role` enum('admin','analyst') COLLATE utf8mb4_unicode_ci DEFAULT 'analyst',
  `created_at` datetime DEFAULT CURRENT_TIMESTAMP,
  `updated_at` datetime DEFAULT CURRENT_TIMESTAMP ON UPDATE CURRENT_TIMESTAMP,
  PRIMARY KEY (`user_id`),
  UNIQUE KEY `username` (`username`)
) ENGINE=InnoDB AUTO_INCREMENT=47 DEFAULT CHARSET=utf8mb4 COLLATE=utf8mb4_unicode_ci;
/*!40101 SET character_set_client = @saved_cs_client */;

--
-- Dumping data for table `users`
--

LOCK TABLES `users` WRITE;
/*!40000 ALTER TABLE `users` DISABLE KEYS */;
INSERT INTO `users` VALUES (13,'john.doe','demo_hash_password','analyst','2026-01-07 23:21:35','2026-01-07 23:21:35'),(14,'jane.smith','demo_hash_password','analyst','2026-01-07 23:21:35','2026-01-07 23:21:35'),(15,'bob.wilson','demo_hash_password','analyst','2026-01-07 23:21:35','2026-01-07 23:21:35'),(16,'alice.brown','demo_hash_password','admin','2026-01-07 23:21:35','2026-01-07 23:21:35'),(17,'admin','demo_hash_password','admin','2026-01-07 23:21:35','2026-01-07 23:21:35'),(18,'root','demo_hash_password','admin','2026-01-07 23:21:35','2026-01-07 23:21:35'),(19,'afkir','itirc123','admin','2026-01-08 00:16:41','2026-01-08 00:16:41'),(20,'derkaoui','itirc123','admin','2026-01-08 00:16:41','2026-01-08 00:16:41'),(27,'charlie.davis','demo_password','analyst','2026-01-08 00:16:41','2026-01-08 00:16:41'),(28,'david.miller','demo_password','analyst','2026-01-08 00:16:41','2026-01-08 00:16:41'),(29,'emma.johnson','demo_password','analyst','2026-01-08 00:16:41','2026-01-08 00:16:41'),(30,'frank.garcia','demo_password','analyst','2026-01-08 00:16:41','2026-01-08 00:16:41'),(31,'grace.martinez','demo_password','analyst','2026-01-08 00:16:41','2026-01-08 00:16:41'),(32,'henry.rodriguez','demo_password','analyst','2026-01-08 00:16:41','2026-01-08 00:16:41');
/*!40000 ALTER TABLE `users` ENABLE KEYS */;
UNLOCK TABLES;

--
-- Dumping events for database 'cybersec_logs'
--

--
-- Dumping routines for database 'cybersec_logs'
--
/*!50003 DROP PROCEDURE IF EXISTS `weekly_summary` */;
/*!50003 SET @saved_cs_client      = @@character_set_client */ ;
/*!50003 SET @saved_cs_results     = @@character_set_results */ ;
/*!50003 SET @saved_col_connection = @@collation_connection */ ;
/*!50003 SET character_set_client  = utf8mb4 */ ;
/*!50003 SET character_set_results = utf8mb4 */ ;
/*!50003 SET collation_connection  = utf8mb4_0900_ai_ci */ ;
/*!50003 SET @saved_sql_mode       = @@sql_mode */ ;
/*!50003 SET sql_mode              = 'ONLY_FULL_GROUP_BY,STRICT_TRANS_TABLES,NO_ZERO_IN_DATE,NO_ZERO_DATE,ERROR_FOR_DIVISION_BY_ZERO,NO_ENGINE_SUBSTITUTION' */ ;
DELIMITER ;;
CREATE DEFINER=`root`@`localhost` PROCEDURE `weekly_summary`()
BEGIN
    SELECT
        DATE(l.event_time) AS date,
        COUNT(DISTINCT l.log_id) AS total_logs,
        SUM(l.event_type = 'login_failed') AS failed_logins,
        COUNT(DISTINCT i.incident_id) AS total_incidents
    FROM logs l
    LEFT JOIN incidents i ON DATE(i.created_at) = DATE(l.event_time)
    GROUP BY DATE(l.event_time)
    ORDER BY date DESC
    LIMIT 7;
END ;;
DELIMITER ;
/*!50003 SET sql_mode              = @saved_sql_mode */ ;
/*!50003 SET character_set_client  = @saved_cs_client */ ;
/*!50003 SET character_set_results = @saved_cs_results */ ;
/*!50003 SET collation_connection  = @saved_col_connection */ ;

--
-- Final view structure for view `active_incidents`
--

/*!50001 DROP VIEW IF EXISTS `active_incidents`*/;
/*!50001 SET @saved_cs_client          = @@character_set_client */;
/*!50001 SET @saved_cs_results         = @@character_set_results */;
/*!50001 SET @saved_col_connection     = @@collation_connection */;
/*!50001 SET character_set_client      = utf8mb4 */;
/*!50001 SET character_set_results     = utf8mb4 */;
/*!50001 SET collation_connection      = utf8mb4_0900_ai_ci */;
/*!50001 CREATE ALGORITHM=UNDEFINED */
/*!50013 DEFINER=`root`@`localhost` SQL SECURITY DEFINER */
/*!50001 VIEW `active_incidents` AS select `incidents`.`incident_id` AS `incident_id`,`incidents`.`title` AS `title`,`incidents`.`severity` AS `severity`,`incidents`.`status` AS `status`,`incidents`.`created_at` AS `created_at` from `incidents` where (`incidents`.`status` <> 'resolved') */;
/*!50001 SET character_set_client      = @saved_cs_client */;
/*!50001 SET character_set_results     = @saved_cs_results */;
/*!50001 SET collation_connection      = @saved_col_connection */;
/*!40103 SET TIME_ZONE=@OLD_TIME_ZONE */;

/*!40101 SET SQL_MODE=@OLD_SQL_MODE */;
/*!40014 SET FOREIGN_KEY_CHECKS=@OLD_FOREIGN_KEY_CHECKS */;
/*!40014 SET UNIQUE_CHECKS=@OLD_UNIQUE_CHECKS */;
/*!40101 SET CHARACTER_SET_CLIENT=@OLD_CHARACTER_SET_CLIENT */;
/*!40101 SET CHARACTER_SET_RESULTS=@OLD_CHARACTER_SET_RESULTS */;
/*!40101 SET COLLATION_CONNECTION=@OLD_COLLATION_CONNECTION */;
/*!40111 SET SQL_NOTES=@OLD_SQL_NOTES */;

-- Dump completed on 2026-01-08  1:47:14
